City ID,City,Country,Lat,Lng,Max Temp,Humidity,Cloudiness,Wind Speed,Current Description
0,Clyde River,CA,70.4692,-68.5914,-0.17,85,100,17.27,overcast clouds
1,Puerto Ayora,EC,-0.7393,-90.3518,77.99,87,45,7.14,scattered clouds
2,Huarmey,PE,-10.0681,-78.1522,71.17,84,95,10.04,overcast clouds
3,Zavyalovo,RU,54.5053,82.4484,32.56,97,100,9.01,overcast clouds
4,Saldanha,ZA,-33.0117,17.9442,59.05,94,100,14.81,overcast clouds
5,Matamoros,MX,25.5333,-103.25,84.31,11,75,3.44,broken clouds
6,Katsuura,JP,35.1333,140.3,53.55,77,100,12.71,overcast clouds
7,Lavrentiya,RU,65.5833,-171.0,7.79,83,4,6.51,clear sky
8,Rikitea,PF,-23.1203,-134.9692,78.31,67,86,2.21,overcast clouds
9,Koslan,RU,63.4564,48.8989,-6.52,100,99,3.02,overcast clouds
10,Chapleau,CA,47.8405,-83.4034,-2.22,98,65,3.47,broken clouds
11,Hambantota,LK,6.1241,81.1185,80.94,94,20,4.61,few clouds
12,Bethel,US,41.3712,-73.414,23.36,53,75,14.97,broken clouds
13,Sitka,US,57.0531,-135.33,44.49,53,100,14.97,overcast clouds
14,Acapulco,MX,16.8634,-99.8901,76.82,73,0,6.91,clear sky
15,Bluff,NZ,-46.6,168.3333,62.26,72,100,5.48,overcast clouds
16,Vire,FR,48.9167,-0.8333,54.79,80,100,3.42,overcast clouds
17,San Fernando,PH,15.0286,120.6898,93.58,41,55,20.51,broken clouds
18,Channel-Port Aux Basques,CA,47.5702,-59.1367,33.87,99,100,13.44,light snow
19,New Norfolk,AU,-42.7826,147.0587,71.92,43,10,1.07,clear sky
20,Mangaluru,IN,12.8667,74.8833,83.26,74,20,0.0,few clouds
21,Tiksi,RU,71.6872,128.8694,-1.64,88,81,4.03,broken clouds
22,Saskylakh,RU,71.9167,114.0833,0.36,91,100,13.47,overcast clouds
23,Ushuaia,AR,-54.8,-68.3,42.46,75,100,10.36,light rain
24,Kahului,US,20.8947,-156.47,82.42,66,40,13.8,scattered clouds
25,Barrow,US,71.2906,-156.7887,1.42,66,0,24.16,clear sky
26,Saint-Philippe,RE,-21.3585,55.7679,76.59,80,25,5.68,scattered clouds
27,Hofn,IS,64.2539,-15.2082,28.8,69,100,10.67,overcast clouds
28,Bambous Virieux,MU,-20.3428,57.7575,74.21,94,20,5.75,few clouds
29,Carnarvon,AU,-24.8667,113.6333,82.47,65,40,14.97,scattered clouds
30,Klaksvik,FO,62.2266,-6.589,32.92,62,100,18.32,overcast clouds
31,Brewster,US,41.3973,-73.6171,23.32,54,75,14.97,broken clouds
32,Balaipungut,ID,1.05,101.2833,88.05,60,35,4.56,scattered clouds
33,Kalmunai,LK,7.4167,81.8167,82.17,76,19,4.38,few clouds
34,Bambanglipuro,ID,-7.95,110.2833,86.41,62,91,0.92,overcast clouds
35,Bangangte,CM,5.1409,10.5198,62.83,87,48,4.83,scattered clouds
36,Salalah,OM,17.0151,54.0924,84.29,18,0,12.66,clear sky
37,Ilulissat,GL,69.2167,-51.1,30.22,55,11,13.8,few clouds
38,Saint George,US,37.1041,-113.5841,66.79,26,20,17.27,few clouds
39,Kapaa,US,22.0752,-159.319,79.2,73,20,6.91,few clouds
40,Ucluelet,CA,48.9329,-125.5528,51.1,86,13,4.07,few clouds
41,Balabac,PH,7.9868,117.0645,81.48,78,100,4.43,moderate rain
42,Cape Town,ZA,-33.9258,18.4232,64.27,76,75,18.41,broken clouds
43,Godeanu,RO,44.8005,22.6079,41.45,58,100,2.95,overcast clouds
44,Khandela,IN,27.6,75.5,85.06,15,1,7.2,clear sky
45,Hilo,US,19.7297,-155.09,78.53,73,100,10.36,overcast clouds
46,Ballina,AU,-28.8667,153.5667,73.02,91,100,5.75,light rain
47,Bengkulu,ID,-3.8004,102.2655,83.17,63,100,5.1,overcast clouds
48,Hermanus,ZA,-34.4187,19.2345,61.81,77,77,9.98,broken clouds
49,Zhanaozen,KZ,43.3,52.8,29.75,58,6,8.1,clear sky
50,Avarua,CK,-21.2078,-159.775,82.45,78,97,6.91,overcast clouds
51,Karlskoga,SE,59.3267,14.5239,31.39,69,10,5.44,clear sky
52,Kruisfontein,ZA,-34.0033,24.7314,67.89,77,96,5.17,overcast clouds
53,Yumen,CN,40.2833,97.2,47.3,23,61,12.46,broken clouds
54,Port Alfred,ZA,-33.5906,26.891,73.27,63,17,0.92,few clouds
55,Tumut,AU,-35.3,148.2167,82.15,30,100,5.5,overcast clouds
56,Tenenkou,ML,14.4572,-4.9169,83.7,8,5,9.64,clear sky
57,Pisco,PE,-13.7,-76.2167,68.05,77,0,13.8,clear sky
58,Fortuna,US,40.5982,-124.1573,53.94,87,95,4.0,overcast clouds
59,Tasiilaq,GL,65.6145,-37.6368,26.76,86,100,11.72,light snow
60,Myaundzha,RU,63.0494,147.1858,6.8,62,0,3.8,clear sky
61,Severo-Kurilsk,RU,50.6789,156.125,29.07,76,99,38.86,overcast clouds
62,Mana,GF,5.6592,-53.7767,77.22,85,100,10.45,overcast clouds
63,Yellowknife,CA,62.456,-114.3525,12.42,87,75,3.44,light snow
64,Barranca,PE,-10.75,-77.7667,70.14,83,97,7.54,overcast clouds
65,Cabo San Lucas,MX,22.8909,-109.9124,76.3,40,0,20.71,clear sky
66,Bellegarde-Sur-Valserine,FR,46.1079,5.8242,52.9,51,100,1.57,overcast clouds
67,Tashla,RU,51.7716,52.7427,20.28,89,98,18.86,overcast clouds
68,Margate,GB,51.3813,1.3862,47.3,89,100,3.0,light rain
69,Parrita,CR,9.5201,-84.3225,80.02,75,89,2.89,overcast clouds
70,Islamkot,PK,24.6997,70.177,81.68,45,0,14.7,clear sky
71,Tuktoyaktuk,CA,69.4541,-133.0374,-9.4,77,0,11.5,clear sky
72,Fairhope,US,30.523,-87.9033,68.77,77,0,5.75,clear sky
73,Dikson,RU,73.5069,80.5464,2.32,90,100,7.52,overcast clouds
74,Watertown,US,42.3709,-71.1828,25.34,44,75,18.41,broken clouds
75,Mazyr,BY,52.0495,29.2456,42.91,86,42,8.68,scattered clouds
76,Lebu,CL,-37.6167,-73.65,56.97,90,88,9.64,overcast clouds
77,Khatanga,RU,71.9667,102.5,0.0,92,100,10.65,overcast clouds
78,Lokosovo,RU,61.1333,74.8167,28.45,93,100,12.37,overcast clouds
79,Muroto,JP,33.2833,134.15,55.06,69,100,9.13,overcast clouds
80,Nikolskoye,RU,59.7035,30.7861,22.89,90,98,5.88,overcast clouds
81,Brae,GB,60.3964,-1.353,38.3,65,100,14.67,overcast clouds
82,East London,ZA,-33.0153,27.9116,77.88,47,45,4.52,scattered clouds
83,Vaini,TO,-21.2,-175.2,82.56,78,75,12.66,broken clouds
84,Paita,PE,-5.0892,-81.1144,72.99,77,94,12.21,overcast clouds
85,Jamestown,US,42.097,-79.2353,20.79,64,100,14.97,overcast clouds
86,Faya,SA,18.3851,42.4509,50.52,32,0,4.79,clear sky
87,Monrovia,LR,6.3005,-10.7969,76.77,89,98,3.18,overcast clouds
88,Torbay,CA,47.6666,-52.7314,37.27,93,75,10.36,light rain
89,Genhe,CN,50.7833,121.5167,23.36,43,20,10.92,few clouds
90,Nieuw Amsterdam,SR,5.8833,-55.0833,78.03,87,100,8.63,overcast clouds
91,Airai,TL,-8.9266,125.4092,71.89,68,64,1.48,broken clouds
92,Bredasdorp,ZA,-34.5322,20.0403,62.19,72,86,4.7,overcast clouds
93,Karachi,PK,24.9056,67.0822,78.62,65,3,8.05,smoke
94,Chumikan,RU,54.7183,135.315,20.57,90,100,4.03,light snow
95,Biak,ID,-0.9131,122.8766,83.21,66,76,1.57,broken clouds
96,Albany,US,42.6001,-73.9662,18.95,55,88,4.0,overcast clouds
97,Cidreira,BR,-30.1811,-50.2056,70.88,81,0,13.53,clear sky
98,Hobart,AU,-42.8794,147.3294,72.27,60,20,5.75,few clouds
99,Busselton,AU,-33.65,115.3333,74.68,59,97,16.58,overcast clouds
100,Vanimo,PG,-2.6741,141.3028,79.45,86,100,6.31,overcast clouds
101,Coquimbo,CL,-29.9533,-71.3436,56.93,94,0,5.75,clear sky
102,Cascais,PT,38.6979,-9.4215,59.5,77,94,8.01,light rain
103,Atar,MR,20.5169,-13.0499,72.18,32,100,6.46,overcast clouds
104,Mahibadhoo,MV,3.7833,72.9667,81.16,74,2,3.65,clear sky
105,Wanning,CN,18.8003,110.3967,77.02,87,97,8.08,overcast clouds
106,Nouadhibou,MR,20.931,-17.0347,64.38,94,40,8.05,scattered clouds
107,Torrington,US,41.8007,-73.1212,22.28,63,81,15.01,broken clouds
108,Quang Ngai,VN,15.1167,108.8,82.96,67,42,7.02,scattered clouds
109,Tambopata,PE,-12.7333,-69.1833,74.52,84,88,1.12,overcast clouds
110,Ertil,RU,51.8406,40.8056,37.24,84,40,19.57,scattered clouds
111,Gornopravdinsk,RU,60.05,69.9,32.34,92,100,11.81,overcast clouds
112,Ust-Nera,RU,64.5667,143.2,7.59,79,44,0.13,scattered clouds
113,Cabra,ES,37.4725,-4.4421,53.65,87,100,4.52,light rain
114,Manzhouli,CN,49.6,117.4333,27.73,21,0,17.87,clear sky
115,Kloulklubed,PW,7.0419,134.2556,84.7,74,100,12.37,overcast clouds
116,Mormugao,IN,15.4,73.8,79.77,79,17,2.35,few clouds
117,Chuy,UY,-33.6971,-53.4616,63.36,81,0,9.8,light rain
118,Richards Bay,ZA,-28.783,32.0377,71.44,77,0,15.1,clear sky
119,Riyadh,SA,24.6877,46.7219,57.34,27,0,10.16,clear sky
120,Yar-Sale,RU,66.8333,70.8333,28.56,97,100,17.02,light snow
121,Chokurdakh,RU,70.6333,147.9167,5.0,85,17,4.23,few clouds
122,Esperance,AU,-33.8667,121.9,69.64,66,99,12.24,overcast clouds
123,Sawtell,AU,-30.3833,153.1,69.82,94,75,11.5,heavy intensity rain
124,Hithadhoo,MV,-0.6,73.0833,81.37,65,16,6.04,few clouds
125,Xapuri,BR,-10.6517,-68.5044,72.23,97,81,1.05,broken clouds
126,Mabaruma,GY,8.2,-59.7833,71.24,93,99,2.33,overcast clouds
127,Hirara,JP,24.8,125.2833,76.86,78,75,21.85,broken clouds
128,Labytnangi,RU,66.6572,66.4183,25.88,97,100,4.47,light snow
129,La Ronge,CA,55.1001,-105.2842,23.25,93,100,8.05,snow
130,Tamboril,DO,19.4854,-70.611,74.08,94,75,4.61,broken clouds
131,Baruun-Urt,MN,46.6806,113.2792,25.2,34,4,9.28,clear sky
132,Port Elizabeth,ZA,-33.918,25.5701,70.11,89,0,2.3,clear sky
133,Mataura,NZ,-46.1927,168.8643,68.76,52,90,2.71,overcast clouds
134,Mar Del Plata,AR,-38.0023,-57.5575,67.87,84,0,12.66,clear sky
135,Cherskiy,RU,68.75,161.3,5.61,83,48,6.51,scattered clouds
136,Kropotkin,RU,45.4375,40.5756,32.07,77,1,8.84,clear sky
137,Lasa,IT,46.6166,10.7002,40.03,80,100,2.08,overcast clouds
138,Usoke,TZ,-5.1667,32.35,63.93,96,70,3.47,light rain
139,Vieux Fort,LC,13.7167,-60.95,78.12,78,40,17.27,scattered clouds
140,Punta Arenas,CL,-53.15,-70.9167,37.51,81,0,12.66,clear sky
141,Marsh Harbour,BS,26.5412,-77.0636,73.26,58,11,4.23,few clouds
142,Cabinda,AO,-5.55,12.2,76.19,93,100,5.59,moderate rain
143,Kavieng,PG,-2.5744,150.7967,84.38,67,100,8.34,overcast clouds
144,Inverness,GB,57.4791,-4.224,42.84,93,100,1.01,mist
145,San Patricio,US,28.017,-97.5169,72.9,85,100,15.41,overcast clouds
146,Kieta,PG,-6.2167,155.6333,83.77,79,73,9.26,light rain
147,Atuona,PF,-9.8,-139.0333,79.38,77,100,13.6,overcast clouds
148,Candido Mendes,BR,-1.4467,-45.7167,74.3,98,100,3.58,overcast clouds
149,Luderitz,NA,-26.6481,15.1594,58.78,94,33,3.44,scattered clouds
150,Concepcion,CL,-36.827,-73.0498,57.0,88,75,6.91,broken clouds
151,Pitimbu,BR,-7.4706,-34.8086,79.39,77,97,8.79,overcast clouds
152,San Felipe,VE,10.3399,-68.7425,70.63,96,100,3.27,overcast clouds
153,Shimanovsk,RU,52.0,127.7,28.8,51,47,14.16,scattered clouds
154,Craig,US,40.5153,-107.5464,53.22,53,100,0.0,overcast clouds
155,Alofi,NU,-19.0595,-169.9187,76.89,22,100,8.05,light intensity drizzle
156,Kununurra,AU,-15.7667,128.7333,93.18,55,100,5.75,overcast clouds
157,Tual,ID,-5.6667,132.75,81.68,78,100,10.76,moderate rain
158,Port Hueneme,US,34.1478,-119.1951,57.76,91,100,12.66,overcast clouds
159,Nemuro,JP,43.3236,145.575,38.28,64,1,13.73,clear sky
160,Dingle,PH,10.9995,122.6711,87.51,63,82,15.59,broken clouds
161,Hamilton,US,39.1834,-84.5333,35.94,54,0,5.75,clear sky
162,Sokoni,TZ,-6.4333,39.55,80.46,79,58,2.51,moderate rain
163,Olafsvik,IS,64.8945,-23.7142,34.38,78,100,12.97,overcast clouds
164,Constitucion,CL,-35.3333,-72.4167,52.79,85,5,6.85,clear sky
165,Port Blair,IN,11.6667,92.75,84.22,69,97,4.88,overcast clouds
166,Qaanaaq,GL,77.484,-69.3632,8.51,96,100,0.36,light snow
167,Kurumkan,RU,54.3,110.3,11.05,83,52,1.88,broken clouds
168,Leningradskiy,RU,69.3833,178.4167,-3.42,95,18,1.66,few clouds
169,Boiro,ES,42.65,-8.9,55.38,81,94,6.08,overcast clouds
170,Emba,KZ,48.8264,58.1442,18.32,93,99,16.58,overcast clouds
171,Alboraya,ES,39.5,-0.35,52.77,90,0,3.0,clear sky
172,Mut,TR,36.6439,33.4389,49.37,50,99,3.02,overcast clouds
173,Mahebourg,MU,-20.4081,57.7,74.25,94,20,5.75,few clouds
174,Talnakh,RU,69.4865,88.3972,13.21,91,100,11.97,overcast clouds
175,Minbu,MM,20.1833,94.8833,86.67,47,16,4.09,few clouds
176,Faanui,PF,-16.4833,-151.75,82.51,70,58,14.65,broken clouds
177,Thompson,CA,55.7435,-97.8558,19.56,73,100,3.44,overcast clouds
178,Yoichi,JP,43.2039,140.7703,46.06,59,14,6.53,few clouds
179,Venta,LT,56.2,22.7,32.58,82,99,9.35,overcast clouds
180,Rock Sound,BS,24.9,-76.2,73.67,51,3,4.52,clear sky
181,Lago Da Pedra,BR,-4.3333,-45.1667,73.2,98,100,3.11,light rain
182,Talara,PE,-4.5772,-81.2719,72.9,84,100,12.93,overcast clouds
183,Guerrero Negro,MX,27.9769,-114.0611,63.34,72,80,8.61,broken clouds
184,Tazovskiy,RU,67.4667,78.7,16.65,95,100,13.78,overcast clouds
185,Ulaanbaatar,MN,47.9077,106.8832,24.93,33,40,4.47,scattered clouds
186,Naze,JP,28.3667,129.4833,63.52,86,100,9.24,overcast clouds
187,Praia Da Vitoria,PT,38.7333,-27.0667,55.76,94,20,4.56,few clouds
188,Butaritari,KI,3.0707,172.7902,80.64,73,17,10.25,few clouds
189,Opuwo,NA,-18.0607,13.84,66.38,52,90,3.6,overcast clouds
190,Cairns,AU,-16.9167,145.7667,91.11,66,97,10.36,overcast clouds
191,Sisimiut,GL,66.9395,-53.6735,18.05,80,46,5.75,scattered clouds
192,Nador,MA,35.174,-2.9287,57.45,100,75,4.61,mist
193,Saint-Francois,FR,46.4154,3.9054,48.67,56,100,4.61,overcast clouds
194,Katherine,AU,-14.4667,132.2667,95.32,38,0,4.61,clear sky
195,Ranot,TH,7.7777,100.3213,85.77,64,6,3.96,clear sky
196,White Rock,CA,49.0164,-122.8026,55.6,85,90,5.99,overcast clouds
197,Pontes E Lacerda,BR,-15.2261,-59.3353,72.75,96,91,2.84,overcast clouds
198,Stornoway,GB,58.2093,-6.3865,41.94,94,100,1.14,fog
199,Kentau,KZ,43.5206,68.5094,36.28,81,100,20.8,light rain
200,Avera,US,33.194,-82.5271,60.31,48,6,7.18,clear sky
201,Provideniya,RU,64.3833,-173.3,17.71,67,0,11.18,clear sky
202,Coahuayana,MX,18.7333,-103.6833,69.35,77,0,1.97,clear sky
203,Aksarka,RU,66.5606,67.7975,29.46,98,100,6.91,light snow
204,Buchanan,LR,5.8808,-10.0467,78.85,91,98,4.14,light rain
205,Kaitangata,NZ,-46.2817,169.8464,61.97,77,97,5.75,overcast clouds
206,Bathsheba,BB,13.2167,-59.5167,77.61,73,40,18.41,scattered clouds
207,Namatanai,PG,-3.6667,152.4333,85.62,66,80,10.67,broken clouds
208,Volzhskiy,RU,48.7858,44.7797,35.11,69,62,24.25,broken clouds
209,Ulaangom,MN,49.9811,92.0667,17.83,81,11,2.59,few clouds
210,Oni,GE,42.5794,43.4425,17.89,76,1,7.54,clear sky
211,Iqaluit,CA,63.7506,-68.5145,11.93,85,100,2.3,fog
212,Bilgram,IN,27.1833,80.0333,85.78,10,2,3.38,clear sky
213,Todos Santos,MX,23.45,-110.2167,66.65,83,67,7.72,broken clouds
214,Victoria,HK,22.2855,114.1577,72.18,79,98,8.01,overcast clouds
215,Asau,RO,46.4333,26.4,32.92,63,87,6.64,overcast clouds
216,Ahipara,NZ,-35.1667,173.1667,71.58,66,0,10.42,clear sky
217,Lata,PT,40.1629,-8.3327,57.07,77,100,3.13,overcast clouds
218,Dunedin,NZ,-45.8742,170.5036,60.58,79,88,4.97,overcast clouds
219,Zhigansk,RU,66.7697,123.3711,7.86,84,54,5.48,broken clouds
220,Buritis,BR,-15.6178,-46.4233,73.31,58,40,1.95,scattered clouds
221,Robertson,US,36.5167,-86.8667,48.88,46,100,3.44,overcast clouds
222,Caborca,MX,30.5838,-111.101,67.69,23,100,9.46,overcast clouds
223,Ponta Do Sol,PT,32.6667,-17.1,62.71,78,72,7.58,broken clouds
224,Collie,AU,-33.3667,116.15,71.83,62,100,12.93,overcast clouds
225,Ranong,TH,9.9658,98.6348,85.93,65,32,0.56,scattered clouds
226,Kakonko,TZ,-3.2828,30.9642,61.2,96,65,2.1,light rain
227,Norman Wells,CA,65.282,-126.8329,10.44,61,40,3.44,scattered clouds
228,Qui Nhon,VN,13.7667,109.2333,81.59,71,80,13.22,broken clouds
229,Ambilobe,MG,-13.2,49.05,71.96,96,9,3.18,clear sky
230,Samarai,PG,-10.6167,150.6667,84.34,70,99,6.82,overcast clouds
231,Cayenne,GF,4.9333,-52.3333,81.09,1,75,4.0,mist
232,Mantua,IT,45.1667,10.7833,45.64,88,65,5.01,broken clouds
233,Pevek,RU,69.7008,170.3133,-6.77,87,20,1.74,few clouds
234,Wukari,NG,7.85,9.7833,72.48,17,8,2.86,clear sky
235,Churapcha,RU,62.0025,132.4325,25.29,87,100,3.38,overcast clouds
236,Tezu,IN,27.9167,96.1667,84.87,31,33,3.42,scattered clouds
237,Ogbomosho,NG,8.133,4.25,80.78,97,43,2.37,scattered clouds
238,San Jose,US,37.3394,-121.895,57.07,71,40,16.11,scattered clouds
239,Sinnamary,GF,5.3833,-52.95,78.1,83,100,13.11,overcast clouds
240,Amapa,BR,1.0,-52.0,71.38,100,100,0.67,overcast clouds
241,Muncie,US,40.1934,-85.3864,31.86,72,0,3.44,clear sky
242,Pangody,RU,65.85,74.4859,24.76,93,100,17.18,overcast clouds
243,Sao Jose Da Coroa Grande,BR,-8.8978,-35.1478,77.77,84,90,4.94,overcast clouds
244,Sorong,ID,-0.8833,131.25,84.49,68,90,8.12,overcast clouds
245,Mao,ES,39.8885,4.2658,52.36,100,0,5.75,clear sky
246,San Francisco,US,37.7749,-122.4194,57.09,77,75,14.97,broken clouds
247,Muros,ES,42.7762,-9.0603,55.69,81,88,7.65,overcast clouds
248,Tarko-Sale,RU,64.9225,77.785,19.54,95,99,16.13,overcast clouds
249,Panara,IN,22.0667,78.55,87.51,12,12,9.89,few clouds
250,Arraial Do Cabo,BR,-22.9661,-42.0278,74.68,90,100,9.71,light rain
251,Narrabri,AU,-30.3167,149.7833,69.89,83,100,11.5,light rain
252,Panaba,MX,21.2833,-88.2667,72.07,66,0,13.6,clear sky
253,Iringa,TZ,-7.7667,35.7,57.9,94,90,5.19,overcast clouds
254,Kodiak,US,57.79,-152.4072,38.71,87,100,4.61,mist
255,Wloszczowa,PL,50.8526,19.9659,47.17,89,48,6.71,scattered clouds
256,Ribeira Grande,PT,38.5167,-28.7,60.24,87,100,6.15,overcast clouds
257,Henties Bay,NA,-22.116,14.2845,62.71,86,82,6.15,broken clouds
258,Pangkalanbuun,ID,-2.6833,111.6167,92.08,51,47,2.39,scattered clouds
259,La Rioja,ES,42.25,-2.5,44.38,77,100,2.84,overcast clouds
260,Saint-Pierre,RE,-21.3393,55.4781,76.68,80,100,8.05,overcast clouds
261,Santa Maria Da Vitoria,BR,-13.3947,-44.1886,72.43,74,67,3.4,broken clouds
262,Nukus,UZ,42.4531,59.6103,30.18,69,0,11.5,clear sky
263,Korcula,HR,42.9622,17.1369,54.27,78,12,2.51,few clouds
264,Guanica,PR,17.9716,-66.908,77.05,79,84,4.0,broken clouds
265,Arlit,NE,18.7369,7.3853,73.22,7,7,6.15,clear sky
266,Glenwood Springs,US,39.5505,-107.3248,61.72,59,75,18.41,broken clouds
267,Zlitan,LY,32.4674,14.5687,56.97,83,13,7.07,few clouds
268,Chalon-Sur-Saone,FR,46.7833,4.85,50.22,58,100,5.17,overcast clouds
269,Spas-Demensk,RU,54.4122,34.0226,32.54,88,95,10.49,overcast clouds
270,Udachnyy,RU,66.4167,112.4,8.46,77,98,16.55,overcast clouds
271,Palotina,BR,-24.2839,-53.84,71.49,86,0,5.46,clear sky
272,Puri,IN,19.8,85.85,84.72,81,28,14.72,scattered clouds
273,Konstantinovo,BY,54.6628,29.2699,37.36,86,94,14.29,overcast clouds
274,Esmeraldas,BR,-19.7625,-44.3139,74.26,84,100,6.76,overcast clouds
275,Oistins,BB,13.0667,-59.5333,77.09,73,40,18.41,scattered clouds
276,Avanigadda,IN,16.0215,80.9181,87.93,61,35,8.52,scattered clouds
277,Isangel,VU,-19.55,169.2667,83.55,75,72,10.0,broken clouds
278,Lorengau,PG,-2.0226,147.2712,81.43,82,99,12.21,moderate rain
279,Srednekolymsk,RU,67.45,153.6833,12.38,78,10,10.56,clear sky
280,Tiznit,MA,29.5833,-9.5,59.25,78,0,2.77,clear sky
281,Lincoln,US,40.8,-96.667,48.11,45,0,17.27,clear sky
282,Victor Harbor,AU,-35.5667,138.6167,67.08,65,47,9.84,scattered clouds
283,Yuzhnyy,RU,53.2542,83.6936,34.18,86,75,11.18,light snow
284,Solnechnyy,RU,50.7214,136.6319,33.35,93,100,8.95,overcast clouds
285,Kathmandu,NP,27.7167,85.3167,64.62,77,75,0.0,mist
286,Kirakira,SB,-10.4544,161.9205,82.99,81,100,3.65,overcast clouds
287,Odienne,CI,9.51,-7.5692,81.16,50,99,3.42,overcast clouds
288,Fort-Shevchenko,KZ,44.5086,50.263,37.89,57,1,18.75,clear sky
289,Souillac,MU,-20.5167,57.5167,70.18,94,20,5.75,few clouds
290,Bosaso,SO,11.2842,49.1816,75.61,73,4,2.39,clear sky
291,Beringovskiy,RU,63.05,179.3167,4.77,88,72,9.73,broken clouds
292,Beloha,MG,-25.1667,45.05,70.56,78,73,13.98,broken clouds
293,Ouallam,NE,14.3188,2.0866,75.58,7,8,10.4,clear sky
294,Gravelbourg,CA,49.8834,-106.5512,43.07,58,100,6.89,overcast clouds
295,Tautira,PF,-17.7333,-149.15,81.48,76,59,14.07,broken clouds
296,Chapais,CA,49.7834,-74.8492,6.58,91,100,9.64,overcast clouds
297,Chama,CH,47.1821,8.4636,47.77,75,20,4.61,few clouds
298,Warrnambool,AU,-38.3833,142.4833,68.81,64,98,8.66,overcast clouds
299,Bilgoraj,PL,50.5411,22.722,47.37,77,16,5.93,few clouds
300,Castro,BR,-24.7911,-50.0119,62.44,94,65,9.01,broken clouds
301,Okhotsk,RU,59.3833,143.3,21.9,62,1,13.24,clear sky
302,Severnoye,RU,56.3491,78.3619,27.19,94,100,8.79,overcast clouds
303,Daru,PG,-9.0763,143.2092,84.81,66,100,10.18,overcast clouds
304,Sikasso,ML,10.9167,-7.0,83.73,35,7,3.85,clear sky
305,Nome,US,64.5011,-165.4064,26.67,74,0,14.97,clear sky
306,Sasaram,IN,24.951,84.0149,88.59,9,17,1.07,few clouds
307,Geraldton,AU,-28.7667,114.6,84.61,61,75,23.02,broken clouds
308,Port Macquarie,AU,-31.4333,152.9167,67.89,86,100,10.0,light rain
309,Yaan,NG,7.3833,8.5667,77.11,79,7,7.11,clear sky
310,Luganville,VU,-15.5333,167.1667,82.85,81,99,2.98,overcast clouds
311,San Andres,CO,12.5847,-81.7006,82.42,74,20,17.27,few clouds
312,Puerto Narino,CO,-3.7703,-70.3831,71.49,100,100,2.73,heavy intensity rain
313,Mascota,MX,20.5167,-104.7833,58.32,51,16,0.85,few clouds
314,Komsomolskiy,UZ,40.4272,71.7189,52.52,66,100,2.3,overcast clouds
315,Sarangani,PH,5.4033,125.4636,82.63,75,71,18.34,broken clouds
316,Aksu,CN,41.1231,80.2644,54.32,33,100,1.12,overcast clouds
317,Juneau,US,58.3019,-134.4197,42.84,81,100,12.66,overcast clouds
318,Namibe,AO,-15.1961,12.1522,69.21,75,39,8.75,scattered clouds
319,Sandpoint,US,48.2766,-116.5533,52.68,69,75,0.0,broken clouds
320,Gubskaya,RU,44.3164,40.6358,28.85,70,1,5.46,clear sky
321,Mount Isa,AU,-20.7333,139.5,91.17,15,7,12.66,clear sky
322,Georgetown,MY,5.4112,100.3354,87.73,78,20,4.61,thunderstorm
323,Ponta Delgada,PT,37.7333,-25.6667,57.92,77,40,5.75,scattered clouds
324,Pinega,RU,64.7001,43.3936,-0.76,99,48,4.05,scattered clouds
325,Mocuba,MZ,-16.8392,36.9856,70.36,99,73,3.6,light rain
326,Tessalit,ML,20.1986,1.0114,78.66,8,44,12.93,scattered clouds
327,Verkhovyna,UA,48.1557,24.7911,39.42,82,1,7.54,clear sky
328,Shache,CN,38.4167,77.2406,57.16,30,70,8.95,broken clouds
329,Shimoda,JP,34.6667,138.95,53.96,82,100,13.47,light rain
330,El Torno,BO,-17.9919,-63.3824,73.49,87,100,4.83,overcast clouds
331,Verkhoyansk,RU,67.5447,133.385,8.47,81,100,1.21,overcast clouds
332,Oakdale,US,44.963,-92.9649,35.02,38,100,12.66,overcast clouds
333,Oranjemund,NA,-28.55,16.4333,60.78,92,0,5.59,clear sky
334,Arusha,TZ,-3.3667,36.6833,65.46,95,84,2.84,broken clouds
335,Sandnessjoen,NO,66.0217,12.6316,20.64,74,87,1.99,overcast clouds
336,Hellin,ES,38.5106,-1.701,47.93,85,100,2.71,overcast clouds
337,Merauke,ID,-8.4667,140.3333,79.86,84,100,14.2,moderate rain
338,Plettenberg Bay,ZA,-34.0527,23.3716,65.46,85,100,1.72,overcast clouds
339,Grindavik,IS,63.8424,-22.4338,37.87,75,75,17.27,broken clouds
340,Kamenka,RU,51.3223,42.7678,35.89,79,73,22.24,broken clouds
341,Ketchikan,US,55.3422,-131.6461,46.87,66,100,3.44,overcast clouds
342,Grimshaw,CA,56.1834,-117.6027,33.42,93,75,6.91,broken clouds
343,Port Augusta,AU,-32.5,137.7667,81.1,40,23,12.84,few clouds
344,Kuala Terengganu,MY,5.3302,103.1408,85.95,79,6,3.44,clear sky
345,Egvekinot,RU,66.3167,-179.1667,1.74,84,62,7.9,broken clouds
346,Pionerskiy,RU,54.9508,20.2275,39.04,86,94,11.14,overcast clouds
347,Jibuti,DJ,11.5,42.5,69.98,60,15,9.69,few clouds
348,Mbekenyera,TZ,-10.0,38.9833,69.85,97,86,3.47,overcast clouds
349,Bennington,US,42.8781,-73.1968,18.05,53,100,8.05,overcast clouds
350,Yudong,CN,29.385,106.5194,68.59,62,100,2.35,overcast clouds
351,Sabana De Torres,CO,7.3915,-73.4957,81.21,85,95,2.98,overcast clouds
352,Itapolis,BR,-21.5956,-48.8128,68.59,93,16,7.09,few clouds
353,Andenes,NO,69.3143,16.1194,30.18,80,75,23.02,snow
354,Tagusao,PH,9.1924,117.8141,82.08,77,100,4.59,moderate rain
355,Joshimath,IN,30.5667,79.5667,68.81,22,0,0.4,clear sky
356,Fenyi,CN,27.8112,114.6681,66.02,64,99,6.67,overcast clouds
357,Belmonte,BR,-15.8631,-38.8828,77.65,83,98,6.6,overcast clouds
358,Takoradi,GH,4.8845,-1.7554,80.42,89,54,7.43,broken clouds
359,Sydney,AU,-33.8679,151.2073,71.64,94,75,5.75,broken clouds
360,Stephenville,US,32.2207,-98.2023,75.99,48,0,13.8,clear sky
361,Springdale,US,36.1867,-94.1288,62.33,56,0,9.22,clear sky
362,Port Lincoln,AU,-34.7333,135.8667,69.66,58,100,8.5,overcast clouds
363,Eirunepe,BR,-6.6603,-69.8736,72.81,99,100,2.73,overcast clouds
364,Ahar,IR,38.4774,47.0699,28.89,85,28,1.74,scattered clouds
365,Tatvan,TR,38.5067,42.2817,19.47,87,4,4.72,clear sky
366,Sibu,MY,2.3,111.8167,84.51,79,40,5.01,scattered clouds
367,Suhbaatar,MN,50.2314,106.2078,26.55,44,100,1.3,overcast clouds
368,Sterling,US,39.0062,-77.4286,29.26,44,0,21.85,clear sky
369,Angoche,MZ,-16.2325,39.9086,77.27,88,86,8.34,light rain
370,Labuhan,ID,-6.8844,112.2051,83.68,72,99,0.36,overcast clouds
371,Merritt Island,US,28.5392,-80.672,73.4,65,0,8.05,clear sky
372,Portland,US,45.5234,-122.6762,57.79,79,75,8.05,broken clouds
373,Vlasotince,RS,42.9636,22.1231,47.25,67,100,3.74,overcast clouds
374,Jelenia Gora,PL,50.8997,15.729,49.3,80,95,6.38,overcast clouds
375,Vung Tau,VN,10.346,107.0843,85.64,65,18,9.1,few clouds
376,Van Buren,US,35.4368,-94.3483,61.36,56,79,8.01,broken clouds
377,Mount Gambier,AU,-37.8333,140.7667,66.11,59,100,10.36,overcast clouds
378,Altagracia De Orituco,VE,9.8601,-66.3814,73.24,83,100,5.88,overcast clouds
379,Sao Joao Da Barra,BR,-21.6403,-41.0511,76.62,87,95,4.72,overcast clouds
380,Whitehorse,CA,60.7161,-135.0538,38.17,55,40,20.71,scattered clouds
381,Deputatskiy,RU,69.3,139.9,-0.62,85,15,3.36,few clouds
382,Amursk,RU,50.2261,136.8994,32.02,96,100,13.11,light snow
383,Ancud,CL,-41.8697,-73.8203,44.22,73,69,22.28,light rain
384,Oksfjord,NO,70.2396,22.3479,28.0,80,100,15.52,light snow
385,Alihe,CN,50.5667,123.7167,28.85,36,5,12.8,clear sky
386,Hasaki,JP,35.7333,140.8333,52.29,58,100,11.21,overcast clouds
387,Ossora,RU,59.2353,163.0719,30.33,93,100,12.1,light snow
388,Upernavik,GL,72.7868,-56.1549,19.89,71,100,5.88,overcast clouds
389,Catuday,PH,16.2923,119.8062,87.93,54,84,9.62,broken clouds
390,Nenjiang,CN,49.1833,125.2167,33.87,31,35,17.54,scattered clouds
391,Vestmannaeyjar,IS,63.4427,-20.2734,36.59,80,20,28.77,few clouds
392,West Wendover,US,40.7391,-114.0733,59.54,24,96,16.04,overcast clouds
393,Nosy Varika,MG,-20.5833,48.5333,72.73,91,100,10.33,light rain
394,Krasnogorsk,RU,55.8225,37.3181,34.14,80,75,17.9,broken clouds
395,Gigmoto,PH,13.7796,124.39,84.6,71,12,13.04,few clouds
396,Santa Clarita,US,34.3917,-118.5426,54.52,90,99,3.0,light rain
397,Majene,ID,-3.5403,118.9707,87.04,57,84,4.0,broken clouds
398,Aykhal,RU,66.0,111.5,6.42,85,70,10.78,broken clouds
399,Banamba,ML,13.55,-7.45,82.44,13,10,4.94,clear sky
400,Choma,ZM,-16.8065,26.9531,60.53,99,60,4.94,broken clouds
401,General Roca,AR,-39.0333,-67.5833,62.62,42,0,9.66,clear sky
402,Port Hardy,CA,50.6996,-127.4199,51.98,62,40,5.75,scattered clouds
403,Palmer,US,42.1584,-72.3287,21.85,46,100,12.66,overcast clouds
404,Kirkkonummi,FI,60.1238,24.4385,26.01,76,97,8.72,overcast clouds
405,Mitsamiouli,KM,-11.3847,43.2844,81.55,76,11,6.89,few clouds
406,Jalu,LY,29.0331,21.5482,62.1,13,72,9.6,broken clouds
407,Urumqi,CN,43.801,87.6005,45.55,53,0,4.47,clear sky
408,Longyearbyen,SJ,78.2186,15.6401,4.84,78,20,8.05,few clouds
409,Comodoro Rivadavia,AR,-45.8667,-67.5,51.66,32,0,17.27,clear sky
410,Halifax,CA,44.6453,-63.5724,33.8,88,75,12.66,broken clouds
411,Severobaykalsk,RU,55.65,109.3167,12.83,80,79,2.98,broken clouds
412,Neiafu,TO,-18.65,-173.9833,84.88,79,75,11.5,broken clouds
413,Ust-Maya,RU,60.4167,134.5333,26.87,81,85,4.05,overcast clouds
414,Malanje,AO,-9.5402,16.341,64.31,98,100,2.82,light rain
415,The Pas,CA,53.8251,-101.2541,24.82,63,75,6.91,broken clouds
416,College,US,64.8569,-147.8028,39.18,52,100,4.61,overcast clouds
417,Bazarnyye Mataki,RU,54.8833,49.9333,20.7,95,100,20.8,light snow
418,Fochville,ZA,-26.4886,27.4939,57.69,69,0,4.65,clear sky
419,Dunnville,CA,42.9001,-79.6163,21.94,64,48,11.36,scattered clouds
420,Maarianhamina,AX,60.0973,19.9348,26.46,80,100,8.05,overcast clouds
421,Altamira,BR,-3.2033,-52.2064,70.47,100,97,1.86,overcast clouds
422,Jonesboro,US,35.8423,-90.7043,50.04,53,0,9.22,clear sky
423,New Albany,US,38.2856,-85.8241,43.02,38,100,3.0,overcast clouds
424,Grand Gaube,MU,-20.0064,57.6608,75.38,79,0,1.99,clear sky
425,Guadalupe,MX,25.6833,-100.25,81.39,41,32,6.6,scattered clouds
426,Kibuye,RW,-2.0597,29.3482,64.06,79,94,1.77,overcast clouds
427,Odweyne,SO,9.4092,45.064,67.33,28,5,7.99,clear sky
428,Sukhobezvodnoye,RU,57.0491,44.8891,21.52,97,100,1.74,overcast clouds
429,Palekh,RU,56.8028,41.8572,32.2,81,100,12.71,overcast clouds
430,Nybro,SE,56.7446,15.9071,38.05,54,100,7.96,overcast clouds
431,Lagoa,PT,39.05,-27.9833,59.04,88,82,8.72,broken clouds
432,Sept-Iles,CA,50.2001,-66.3821,29.05,95,100,4.61,overcast clouds
433,Riverton,US,40.5219,-111.9391,57.83,51,0,25.32,clear sky
434,Nago,JP,26.5881,127.9761,70.65,85,100,10.85,overcast clouds
435,Dembi Dolo,ET,8.5333,34.8,61.36,53,100,2.8,overcast clouds
436,Cordoba,AR,-31.4135,-64.1811,73.42,72,0,12.66,clear sky
437,Tyulgan,RU,52.3405,56.166,15.26,96,100,11.52,overcast clouds
438,Boende,CD,-0.2167,20.8667,71.71,96,100,4.61,overcast clouds
439,Vardo,NO,70.3705,31.1107,28.56,75,100,28.21,snow
440,Sakaiminato,JP,35.55,133.2333,53.58,50,75,8.05,broken clouds
441,Mangai,CD,-4.05,19.5333,69.84,100,100,3.02,moderate rain
442,Houlton,US,46.1262,-67.8403,21.61,71,100,14.97,overcast clouds
443,Ambon,ID,-3.6954,128.1814,87.94,66,40,4.61,scattered clouds
444,Flin Flon,CA,54.7682,-101.865,21.99,96,100,5.66,light snow
445,Kharp,RU,66.8014,65.8081,24.17,97,100,3.47,light snow
446,Garowe,SO,8.4054,48.4845,69.51,81,3,8.86,clear sky
447,Bolgar,RU,54.95,49.0667,23.45,95,100,24.34,light snow
448,Nanortalik,GL,60.1432,-45.2371,28.87,82,11,3.15,few clouds
449,Verkhnetulomskiy,RU,68.6073,31.7962,19.53,95,100,7.76,overcast clouds
450,Urucara,BR,-2.5364,-57.76,73.87,98,100,1.86,overcast clouds
451,Beruwala,LK,6.4788,79.9828,81.32,77,8,4.14,clear sky
452,Te Anau,NZ,-45.4167,167.7167,66.69,53,94,2.13,overcast clouds
453,Presidencia Roque Saenz Pena,AR,-26.7852,-60.4388,71.37,59,0,7.23,clear sky
454,Thinadhoo,MV,0.5333,72.9333,81.57,64,3,5.06,clear sky
455,Lamar,US,33.6668,-95.5836,70.65,56,0,10.36,clear sky
456,Haines Junction,CA,60.7522,-137.5108,39.15,48,72,4.61,broken clouds
457,San Cristobal,VE,7.7669,-72.225,69.98,82,93,2.19,overcast clouds
458,Eureka,US,40.8021,-124.1637,54.57,87,85,4.0,overcast clouds
459,Sao Miguel Do Araguaia,BR,-13.275,-50.1628,75.36,81,74,0.92,broken clouds
460,Shenjiamen,CN,29.9576,122.298,55.22,72,0,8.39,clear sky
461,Gallup,US,35.5281,-108.7426,52.02,34,95,5.99,overcast clouds
462,Okha,RU,53.5739,142.9478,29.98,78,9,4.32,clear sky
463,Vao,NC,-22.6667,167.4833,78.44,74,99,13.11,overcast clouds
464,Ziarat,PK,30.3823,67.7282,57.09,17,0,6.71,clear sky
465,Liuhe,CN,42.2401,125.7172,47.46,26,100,13.78,overcast clouds
466,North Bend,US,43.4065,-124.2243,54.25,98,100,13.8,mist
467,Gidole,ET,5.65,37.3667,57.9,45,61,4.27,broken clouds
468,Luanda,AO,-8.8368,13.2343,78.8,89,75,5.75,broken clouds
469,Champerico,GT,14.3,-91.9167,82.69,65,11,7.52,few clouds
470,Berdigestyakh,RU,62.0989,126.6992,19.89,83,99,8.05,overcast clouds
471,Bandarbeyla,SO,9.4942,50.8122,77.86,78,41,6.55,light rain
472,Vallenar,CL,-28.5708,-70.7581,67.48,58,0,1.88,clear sky
473,San Quintin,MX,30.4833,-115.95,61.3,83,79,14.36,broken clouds
474,Kaura Namoda,NG,12.5898,6.5779,70.02,7,5,10.02,clear sky
475,Singaraja,ID,-8.112,115.0882,82.76,75,82,0.13,broken clouds
476,Ypsonas,CY,34.6884,32.9574,58.28,41,100,6.6,overcast clouds
477,Bushehr,IR,28.9684,50.8385,62.69,55,0,18.41,clear sky
478,Sao Filipe,CV,14.8961,-24.4956,70.47,73,0,10.36,clear sky
479,Bergen,NO,60.392,5.328,35.08,90,75,6.91,broken clouds
480,Salisbury,GB,51.0693,-1.7957,51.69,87,100,10.45,overcast clouds
481,Galveston,US,29.3669,-94.9669,71.04,89,15,5.01,few clouds
482,Batagay-Alyta,RU,67.8006,130.4114,7.09,69,32,1.88,scattered clouds
483,Skeldon,GY,5.8833,-57.1333,74.32,90,100,5.57,overcast clouds
484,Yeppoon,AU,-23.1333,150.7333,89.38,38,4,5.01,clear sky
485,Svetlyy,RU,54.675,20.1347,39.25,88,82,9.04,broken clouds
486,Porto Santo,PT,33.072,-16.3415,59.38,88,20,4.61,few clouds
487,Tyret Pervaya,RU,53.6703,102.3106,20.12,84,100,3.15,overcast clouds
488,Palu,ID,-0.8917,119.8707,91.42,47,16,3.36,few clouds
489,Charleston,US,32.7766,-79.9309,59.18,83,0,4.61,clear sky
490,Cockburn Town,TC,21.4612,-71.1419,76.53,68,30,17.92,scattered clouds
491,Maiduguri,NG,11.8464,13.1603,68.45,30,46,7.67,scattered clouds
492,Santa Cruz,BO,-17.8,-63.1667,74.66,88,100,4.61,overcast clouds
493,Qasigiannguit,GL,68.8193,-51.1922,17.62,77,10,5.32,clear sky
494,Bonavista,CA,48.6499,-53.1147,32.63,98,100,10.94,snow
495,Bodden Town,KY,19.2833,-81.25,78.93,67,20,14.97,few clouds
496,Warrenton,ZA,-28.114,24.8475,63.54,57,0,11.39,clear sky
497,Mgandu,TZ,-5.95,34.1333,59.52,97,71,5.68,broken clouds
498,Port Hawkesbury,CA,45.6169,-61.3485,35.91,99,100,8.05,overcast clouds
499,Willmar,US,45.1219,-95.0433,35.55,59,100,17.27,overcast clouds
500,Husavik,IS,66.0449,-17.3389,23.97,79,44,7.0,scattered clouds
501,Hammerfest,NO,70.6634,23.6821,27.05,80,75,13.8,broken clouds
502,Nongstoin,IN,25.5167,91.2667,67.12,59,57,3.02,broken clouds
503,Tsaratanana,MG,-16.7833,47.65,72.09,94,100,6.31,overcast clouds
504,Sobolevo,RU,54.4299,31.8996,36.63,87,100,14.2,overcast clouds
505,Vila Franca Do Campo,PT,37.7167,-25.4333,59.41,87,57,4.65,broken clouds
506,Onguday,RU,50.75,86.15,26.31,78,100,3.56,overcast clouds
507,Kilindoni,TZ,-7.9139,39.6668,82.2,73,100,10.42,light rain
508,Talcahuano,CL,-36.7167,-73.1167,56.88,88,75,6.91,broken clouds
509,Necochea,AR,-38.5473,-58.7368,66.76,56,0,15.35,clear sky
510,Kasane,BW,-17.8167,25.15,63.73,96,24,6.46,few clouds
511,Borkenes,NO,68.774,16.1739,27.55,98,100,11.99,light snow
512,Centralia,US,46.7162,-122.9543,54.05,77,100,0.0,overcast clouds
513,Totness,SR,5.8833,-56.3167,76.24,85,88,8.68,overcast clouds
514,Le Marin,MQ,14.4721,-60.8697,76.91,78,40,9.22,scattered clouds
515,Umred,IN,20.85,79.3333,88.09,12,16,2.01,few clouds
516,Sur,OM,22.5667,59.5289,78.01,67,1,8.77,clear sky
517,Waingapu,ID,-9.6567,120.2641,84.56,66,43,3.13,scattered clouds
518,Felipe Carrillo Puerto,MX,19.5833,-88.05,76.12,63,100,5.79,overcast clouds
519,Tuatapere,NZ,-46.1333,167.6833,65.16,64,100,4.72,light rain
520,Colwyn Bay,GB,53.2948,-3.7267,48.74,91,46,1.99,scattered clouds
521,Berlevag,NO,70.8578,29.0864,26.4,76,100,27.22,light snow
522,Sorland,NO,67.667,12.6934,33.42,53,94,10.27,overcast clouds
523,Nicoya,CR,10.1483,-85.452,79.75,64,100,11.72,overcast clouds
524,Havelock,US,34.8791,-76.9013,51.93,41,12,11.43,few clouds
525,Rafai,CF,4.95,23.9167,71.58,24,100,1.12,overcast clouds
526,Mirzapur,IN,25.15,82.5833,80.56,9,21,3.58,few clouds
527,Lopsmarka,NO,67.3134,14.4493,17.49,79,20,12.66,few clouds
528,Goderich,CA,43.7501,-81.7165,26.91,58,100,11.5,overcast clouds
529,Belyy Yar,RU,53.6039,91.3903,30.09,66,0,0.0,clear sky
530,Broome,US,42.2506,-75.833,20.46,76,100,12.66,overcast clouds
531,Kavaratti,IN,10.5669,72.642,83.68,77,100,11.95,light rain
532,Kurya,RU,51.6003,82.2888,34.48,82,100,14.45,overcast clouds
533,Dvinskoy,RU,62.1535,45.1175,6.35,97,100,2.95,overcast clouds
534,Maniitsoq,GL,65.4167,-52.9,20.95,75,9,6.89,clear sky
535,Valparaiso,CL,-33.0393,-71.6273,60.48,64,0,4.61,clear sky
536,Santa Maria,BR,-29.6842,-53.8069,65.5,82,0,2.3,clear sky
537,Johi,PK,26.6921,67.6133,87.12,19,0,5.1,clear sky
538,Bowen,AU,-20.0167,148.2333,85.42,57,0,15.75,clear sky
539,Rawson,AR,-43.3002,-65.1023,59.47,49,77,18.57,broken clouds
540,Tilichiki,RU,60.4667,166.1,25.75,82,100,32.7,light snow
541,Kluang,MY,2.0251,103.3328,86.07,65,1,5.66,clear sky
542,Korla,CN,41.7597,86.1469,52.61,28,92,6.67,overcast clouds
543,Rosetown,CA,51.5501,-108.0014,33.78,80,99,12.66,overcast clouds
544,Derbent,RU,42.0678,48.2899,36.27,62,1,11.79,clear sky
545,Yichang,CN,30.7144,111.2847,68.23,56,6,3.49,clear sky
546,Vedelago,IT,45.6872,12.0164,50.38,89,75,3.44,mist
547,Mozarlandia,BR,-14.7447,-50.5706,75.0,79,40,2.53,scattered clouds
548,Auki,SB,-8.7676,160.7034,81.82,83,100,5.66,overcast clouds
549,Las Margaritas,MX,16.3167,-91.9833,58.84,95,42,6.02,scattered clouds
550,Olavarria,AR,-36.8927,-60.3225,66.02,78,1,10.25,clear sky
551,Fenton,US,42.7978,-83.7049,23.49,73,3,6.44,clear sky
552,Slave Lake,CA,55.2834,-114.769,31.98,80,0,2.3,clear sky
553,Medea,DZ,36.2642,2.7539,55.6,46,100,9.4,overcast clouds
554,Kollam,IN,8.8833,76.6,82.42,76,4,2.37,clear sky
555,Kadugannawa,LK,7.2547,80.5242,77.5,73,5,1.12,clear sky
556,Honiara,SB,-9.4333,159.95,85.03,77,95,6.42,overcast clouds
557,Harper,LR,4.375,-7.7169,79.29,89,62,6.91,broken clouds
558,Helena,US,46.5927,-112.0361,52.2,66,97,14.0,overcast clouds
559,Chara,RU,56.9064,118.2631,11.3,58,42,3.36,scattered clouds
560,Aklavik,CA,68.2191,-135.0107,-3.73,98,100,4.36,overcast clouds
561,Silver City,US,32.7701,-108.2803,58.96,31,100,11.01,overcast clouds
562,Gorin,RU,51.1983,136.6669,32.13,98,100,9.04,overcast clouds
563,Umm Lajj,SA,25.0213,37.2685,74.59,39,0,6.55,clear sky
564,Turukhansk,RU,65.8167,87.9833,19.8,90,100,16.15,overcast clouds
565,Kalabo,ZM,-14.97,22.6814,66.42,94,100,6.13,light rain
566,Gizo,SB,-8.103,156.8419,84.96,72,86,9.15,light rain
567,Bogovarovo,RU,58.9785,47.0246,17.31,94,100,9.19,light snow
568,Houma,US,29.5958,-90.7195,69.01,93,40,8.05,scattered clouds
569,Erzin,TR,36.9559,36.2,49.77,63,28,5.68,scattered clouds
570,Bose,IT,45.4612,8.0137,52.29,40,100,3.2,overcast clouds
571,Sale,MA,34.0389,-6.8166,60.64,100,75,0.0,broken clouds
572,Qaqortoq,GL,60.7167,-46.0333,24.13,80,5,4.0,clear sky
573,Sainte-Anne-Des-Monts,CA,49.124,-66.4924,26.47,93,100,10.36,light snow
574,Santa Fe,AR,-31.6333,-60.7,69.98,80,0,1.99,light rain
575,Havoysund,NO,70.9963,24.6622,30.43,76,100,27.67,light snow
576,San Javier,ES,37.8063,-0.8374,57.67,77,100,13.8,overcast clouds
577,Sambava,MG,-14.2667,50.1667,74.43,88,14,5.12,few clouds
578,Funchal,PT,32.6333,-16.9,63.05,88,20,3.0,few clouds
579,Davila,PH,18.4726,120.5763,75.18,64,7,20.02,clear sky
580,Sabha,LY,27.0377,14.4283,64.69,12,65,8.39,broken clouds
581,Saint-Augustin,CA,51.226,-58.6502,30.81,99,97,9.48,overcast clouds
582,Axim,GH,4.8699,-2.2405,80.06,90,73,6.38,broken clouds
583,Wilmington,US,34.2257,-77.9447,51.71,70,8,1.01,clear sky
584,Sistranda,NO,63.7256,8.834,30.16,62,100,16.33,light snow
585,Dhidhdhoo,MV,6.8833,73.1,82.65,71,4,3.27,clear sky
586,Alta Floresta,BR,-9.8756,-56.0861,70.95,96,99,2.04,overcast clouds
587,Jilotepec,MX,19.6,-96.9333,57.09,71,0,3.83,clear sky
588,Praia,CV,14.9215,-23.5087,70.34,73,75,18.41,broken clouds
589,Araouane,ML,18.9048,-3.5265,81.52,10,53,11.25,broken clouds
590,Paka,MY,4.6374,103.4368,85.98,74,20,3.44,few clouds
591,Whitianga,NZ,-36.8333,175.7,73.22,66,51,8.3,broken clouds
592,Omsukchan,RU,62.5333,155.8,8.15,88,100,9.71,overcast clouds
593,Gladstone,AU,-23.85,151.25,89.78,33,8,10.36,clear sky
594,Seoul,KR,37.5683,126.9778,56.59,41,20,8.05,few clouds
595,Rock Springs,US,41.5875,-109.2029,51.04,51,100,4.0,overcast clouds
596,Mastic Beach,US,40.7668,-72.8521,25.02,44,83,13.0,broken clouds
597,Khanpur,PK,28.6453,70.6567,86.02,10,0,4.43,clear sky
598,Caravelas,BR,-17.7125,-39.2481,75.58,91,19,6.06,few clouds
599,Sidi Ali,DZ,36.0998,0.4206,57.43,76,88,4.99,overcast clouds
600,Bonthe,SL,7.5264,-12.505,75.83,80,52,4.52,broken clouds
601,San Martin,AR,-33.081,-68.4681,72.14,39,0,4.25,clear sky
602,Ende,ID,-8.8432,121.6623,83.21,80,64,3.91,broken clouds
603,Metro,ID,-5.1131,105.3067,85.42,67,80,3.74,broken clouds
604,Mandalgovi,MN,45.7625,106.2708,28.9,50,80,13.49,broken clouds
605,Veraval,IN,20.9,70.3667,81.72,62,7,11.43,clear sky
606,Haldibari,IN,26.3333,88.7667,82.11,53,37,9.78,scattered clouds
607,Big Spring,US,32.2504,-101.4787,80.24,27,0,18.41,clear sky
608,Santa Rosa,PH,14.3122,121.1114,93.11,66,59,19.28,broken clouds
609,Itaqui,BR,-29.1253,-56.5531,65.19,72,0,9.31,clear sky
610,Xinyang,CN,32.1228,114.0656,66.02,59,99,9.69,overcast clouds
611,Porto Novo,BJ,6.4965,2.6036,84.02,85,100,6.8,overcast clouds
612,Marawi,PH,7.9986,124.2928,81.19,63,100,1.95,overcast clouds
613,Yuanping,CN,38.7153,112.7575,51.91,57,100,4.54,overcast clouds
614,Rochegda,RU,62.8,43.25,5.11,98,100,1.39,overcast clouds
615,Soyo,AO,-6.1349,12.3689,78.04,86,100,5.03,moderate rain
616,Coolum Beach,AU,-26.5333,153.1,80.33,77,70,6.46,broken clouds
617,Pochutla,MX,15.7432,-96.4661,79.83,62,85,3.47,overcast clouds
618,Gedo,ET,9.0167,37.45,53.08,38,68,3.11,broken clouds
619,Scarborough,GB,54.2797,-0.4044,46.33,90,100,3.2,overcast clouds
620,Karwar,IN,14.8,74.1333,81.46,74,51,0.98,broken clouds
621,Guerande,FR,47.3291,-2.4283,52.75,88,100,7.83,overcast clouds
622,Iralaya,HN,15.0,-83.2333,76.91,82,20,11.92,light rain
623,Tyukhtet,RU,56.5389,89.3011,31.03,94,98,7.05,overcast clouds
624,Paredon,MX,16.0333,-93.8667,80.71,58,96,2.44,overcast clouds
625,Klichka,RU,50.4457,117.996,26.51,23,0,17.25,clear sky
626,Xique-Xique,BR,-10.8218,-42.7263,77.34,67,36,14.61,scattered clouds
627,Safranbolu,TR,41.2508,32.6942,40.24,83,100,2.55,overcast clouds
628,Gisborne,NZ,-38.6533,178.0042,67.24,87,66,8.37,light rain
629,Olinda,BR,-8.0089,-34.8553,79.45,81,61,7.27,light rain
630,Havre-Saint-Pierre,CA,50.2334,-63.5986,32.36,100,100,0.0,light rain
631,Nerchinskiy Zavod,RU,51.3088,119.61,25.61,42,3,13.02,clear sky
632,Kenora,CA,49.8167,-94.4337,28.78,28,100,13.0,overcast clouds
633,Rantauprapat,ID,2.1,99.8333,87.03,60,15,2.37,few clouds
634,Potsdam,DE,52.3989,13.0657,44.19,92,30,1.01,scattered clouds
635,Trinidad,BO,-14.8333,-64.9,74.75,88,74,2.98,broken clouds
636,Paamiut,GL,61.994,-49.6678,22.14,75,20,4.9,few clouds
637,Chinhoyi,ZW,-17.3667,30.2,59.58,95,39,5.57,scattered clouds
638,Khajuraho,IN,24.85,79.9333,91.18,10,5,6.6,clear sky
639,Penzance,GB,50.1186,-5.5371,50.29,86,100,7.07,overcast clouds
640,Kapoeta,SS,4.7717,33.5903,78.75,50,100,6.62,overcast clouds
641,Marrakesh,MA,31.6315,-8.0083,60.87,72,75,3.44,broken clouds
642,Saint Anthony,US,45.0205,-93.218,35.24,36,100,3.0,overcast clouds
643,Kuytun,RU,54.3419,101.5036,19.6,86,98,1.95,overcast clouds
644,Lufilufi,WS,-13.8745,-171.5986,83.79,77,100,7.11,moderate rain
645,Sangar,RU,63.9242,127.4739,19.51,87,100,6.46,overcast clouds
646,Plouzane,FR,48.3833,-4.6167,50.05,93,100,3.44,overcast clouds
647,Touros,BR,-5.1989,-35.4608,79.0,83,90,9.86,overcast clouds
648,Inuvik,CA,68.3499,-133.7218,-9.87,98,35,5.19,scattered clouds
649,Evensk,RU,61.95,159.2333,19.9,74,100,20.98,overcast clouds
650,Inhambane,MZ,-23.865,35.3833,71.44,76,0,7.02,clear sky
651,Lazaro Cardenas,MX,17.9583,-102.2,73.53,70,0,2.82,clear sky
652,North Battleford,CA,52.7834,-108.2847,29.41,96,100,7.27,light snow
653,Amuntai,ID,-2.4177,115.2494,89.71,56,21,3.29,few clouds
654,Almunecar,ES,36.7339,-3.6907,57.69,93,100,10.29,overcast clouds
655,Maragogi,BR,-9.0122,-35.2225,77.59,84,89,5.03,overcast clouds
656,Ouro Preto Do Oeste,BR,-10.7481,-62.2158,73.49,98,100,2.71,overcast clouds
657,Vercheres,CA,45.7834,-73.3492,19.29,80,100,12.84,overcast clouds
658,Upata,VE,8.0086,-62.3989,72.32,75,100,6.85,overcast clouds
659,Ionesti,RO,44.85,24.2333,45.99,58,100,3.02,overcast clouds
660,Meulaboh,ID,4.1363,96.1285,83.16,68,12,1.68,few clouds
661,Tondano,ID,1.3038,124.9112,82.49,65,99,3.53,overcast clouds
662,Sombrerete,MX,23.6333,-103.65,57.11,22,8,8.23,clear sky
663,Weiser,US,44.251,-116.9693,55.31,62,99,7.0,overcast clouds
664,Santiago Del Estero,AR,-27.7951,-64.2615,73.9,53,0,7.14,clear sky
665,Tigil,RU,57.8,158.6667,28.13,84,100,8.39,overcast clouds
666,Leshukonskoye,RU,64.8989,45.7622,6.96,96,68,3.94,broken clouds
667,Nalut,LY,30.3333,10.85,60.06,42,37,10.42,scattered clouds
668,Martil,MA,35.6166,-5.2752,58.37,95,98,6.49,overcast clouds
669,Mahuva,IN,21.0914,71.7622,86.16,32,6,10.09,clear sky
670,Ewo,CG,-0.8725,14.8206,74.21,88,90,3.58,overcast clouds
671,Iquique,CL,-20.2208,-70.1431,66.76,79,42,3.62,scattered clouds
672,Chipinge,ZW,-20.1883,32.6236,57.31,96,47,5.21,scattered clouds
673,Itarema,BR,-2.9248,-39.9167,75.99,92,100,7.76,overcast clouds
674,Banda Aceh,ID,5.5577,95.3222,83.68,70,25,2.75,scattered clouds
675,Chifeng,CN,42.2683,118.9636,50.14,56,100,8.05,overcast clouds
676,Miri,MY,4.4148,114.0089,84.9,65,95,5.3,overcast clouds
677,Arzgir,RU,45.3728,44.2206,32.13,64,0,14.09,clear sky
678,Kazuno,JP,40.1836,140.7872,50.41,45,0,0.81,clear sky
679,Stejaru,RO,44.7667,28.55,37.67,74,100,6.06,overcast clouds
680,Santa Marta,CO,11.2408,-74.199,82.89,69,89,20.0,overcast clouds
681,Kozhva,RU,65.1073,57.0459,12.51,95,100,6.71,overcast clouds
682,Xichang,CN,27.8964,102.2634,68.65,48,40,3.78,scattered clouds
683,Baie-Comeau,CA,49.2168,-68.1489,25.9,81,100,13.38,overcast clouds
684,Enshi,CN,30.3,109.4833,57.43,83,73,1.3,broken clouds
685,Kudahuvadhoo,MV,2.6708,72.8944,81.5,69,2,3.71,clear sky
686,Katsina,NG,12.9894,7.6006,66.72,8,4,10.36,clear sky
687,Bardstown,US,37.8092,-85.4669,41.61,47,0,1.01,clear sky
688,Mehamn,NO,71.0357,27.8492,27.41,91,100,29.97,light snow
689,Megion,RU,61.0296,76.1136,23.02,91,100,13.58,overcast clouds
690,Adrar,MR,20.5022,-10.0711,78.06,24,100,10.02,overcast clouds
691,Hay River,CA,60.8156,-115.7999,4.12,99,62,3.51,broken clouds
692,Nisia Floresta,BR,-6.0911,-35.2086,77.09,87,100,5.61,overcast clouds
693,Tres Arroyos,AR,-38.3739,-60.2798,67.21,55,0,14.45,clear sky
694,Zhoucun,CN,36.8167,117.8167,62.91,44,36,18.01,scattered clouds
695,Sokoto,NG,13.0609,5.239,70.9,6,1,9.84,clear sky
696,Lompoc,US,34.6391,-120.4579,55.02,88,100,5.75,moderate rain
697,Aleksandrov Gay,RU,50.147,48.5704,31.39,77,100,26.02,overcast clouds
698,Olivenza,ES,38.6832,-7.103,51.31,96,88,1.12,overcast clouds
699,Nizhnyaya Omka,RU,55.4338,74.9426,22.53,95,100,7.92,overcast clouds
700,Asosa,ET,10.0667,34.5333,67.08,26,39,5.48,scattered clouds
701,Nabire,ID,-3.3667,135.4833,85.96,64,74,5.12,broken clouds
702,Boa Vista,BR,2.8197,-60.6733,80.67,63,86,11.63,overcast clouds
703,Roald,NO,62.5833,6.1333,37.76,100,75,2.3,snow
704,Saint-Denis,FR,48.9167,2.3333,57.15,50,0,8.05,clear sky
705,Srivardhan,IN,18.0333,73.0167,82.45,65,91,2.06,overcast clouds
706,Jiangkou,CN,25.4872,119.1986,60.69,79,95,9.86,overcast clouds
707,Nizhneangarsk,RU,55.7833,109.55,10.71,81,83,3.22,broken clouds
708,Alyangula,AU,-13.8483,136.4192,89.08,52,99,9.4,overcast clouds
709,Sungaipenuh,ID,-2.0833,101.3833,80.55,47,8,2.91,clear sky
710,Seminole,US,28.7086,-81.2081,71.2,74,0,5.01,clear sky
711,Pangnirtung,CA,66.1451,-65.7125,9.16,79,32,6.67,scattered clouds
712,Conceicao Do Araguaia,BR,-8.2578,-49.2647,73.22,99,100,4.34,light rain
713,Mahajanga,MG,-15.7167,46.3167,73.42,94,40,4.61,thunderstorm
714,Manaus,BR,-3.1019,-60.025,74.14,96,93,3.69,overcast clouds
715,Yulin,CN,22.6333,110.15,67.46,80,100,3.65,overcast clouds
716,Nargana,PA,9.4428,-78.5906,79.21,84,91,17.47,overcast clouds
717,Pierre,US,44.3683,-100.351,47.86,35,37,21.99,scattered clouds
718,Santa Lucia,ES,27.9117,-15.5407,56.52,72,20,18.41,few clouds
719,Baiyin,CN,36.5583,104.2081,46.56,35,82,12.84,broken clouds
720,Kibre Mengist,ET,5.8833,38.9833,52.7,59,25,3.69,scattered clouds
721,Kedrovyy,RU,56.1667,91.8167,18.01,75,23,3.38,few clouds
722,Joensuu,FI,62.6012,29.7632,5.49,92,0,6.91,clear sky
723,Dunkirk,FR,51.05,2.3667,47.01,86,100,7.83,overcast clouds
724,Yurimaguas,PE,-5.9,-76.0833,72.64,97,100,1.88,overcast clouds
725,Batemans Bay,AU,-35.7167,150.1833,73.09,65,100,9.24,light rain
726,Ngama,TD,11.7833,17.1667,69.78,8,70,10.0,broken clouds
727,Xai-Xai,MZ,-25.0519,33.6442,66.25,87,0,2.33,clear sky
728,Pavlodar,KZ,52.3,76.95,28.2,93,0,6.71,clear sky
729,Ardakan,IR,32.31,54.0175,52.18,13,0,5.41,clear sky
730,Gamba,GA,-2.65,10.0,74.98,94,100,6.98,overcast clouds
731,Maumere,ID,-8.6199,122.2111,83.75,71,89,0.96,overcast clouds
732,Asopos,GR,36.7333,22.8667,52.57,68,88,5.21,overcast clouds
733,Sao Felix Do Xingu,BR,-6.6447,-51.995,72.46,99,100,1.63,overcast clouds
734,Chulym,RU,55.0997,80.9572,29.37,94,98,8.77,overcast clouds
735,Pervomayskiy,RU,53.2485,40.2871,35.42,92,100,13.35,overcast clouds
736,Tanda,IN,26.55,82.65,84.43,14,3,5.7,clear sky
737,Tete,MZ,-16.1564,33.5867,70.43,97,92,5.55,overcast clouds
738,Xam Nua,LA,20.4197,104.0439,69.58,74,93,2.51,overcast clouds
739,Vancouver,CA,49.2497,-123.1193,53.38,87,85,3.44,overcast clouds
740,Khilchipur,IN,24.0333,76.5667,86.54,11,16,11.07,few clouds
741,Ornskoldsvik,SE,63.2909,18.7153,16.75,73,100,10.36,overcast clouds
742,Shelburne,CA,44.0787,-80.2041,16.59,83,52,9.51,broken clouds
743,Southbridge,US,42.0751,-72.0334,22.42,53,93,5.01,overcast clouds
744,Tonantins,BR,-2.8731,-67.8022,72.75,99,100,3.71,overcast clouds
745,Dharampur,IN,20.5333,73.1833,85.96,36,34,1.43,scattered clouds
746,Corrales,US,35.2378,-106.6067,69.04,18,75,13.0,broken clouds
747,Tonshayevo,RU,57.736,47.0127,19.4,94,100,9.04,snow
748,Itaberaba,BR,-12.5275,-40.3069,68.58,96,34,1.79,scattered clouds
749,Lumby,CA,50.2498,-118.969,52.39,54,95,3.44,overcast clouds
750,Pacific Grove,US,36.6177,-121.9166,55.69,86,100,6.91,overcast clouds
751,San Gavino Monreale,IT,39.5514,8.7917,52.47,89,98,4.21,overcast clouds
752,Igarka,RU,67.4667,86.5833,16.16,94,100,16.6,overcast clouds
753,Abu Dhabi,AE,24.4667,54.3667,70.97,63,0,21.99,clear sky
754,Taltal,CL,-25.4,-70.4833,64.69,80,2,3.47,clear sky
755,Byron Bay,AU,-28.65,153.6167,73.71,92,100,21.56,light rain
756,Camacha,PT,33.0833,-16.3333,56.62,88,20,4.61,few clouds
757,Ixtapa,MX,20.7,-105.2,71.22,88,0,4.61,clear sky
758,Tommot,RU,58.9564,126.2925,24.31,71,100,11.83,overcast clouds
759,Saint-Georges,GD,12.0564,-61.7485,77.65,79,87,15.35,overcast clouds
760,Manglisi,GE,41.697,44.3845,21.79,81,3,4.25,clear sky
761,Biltine,TD,14.5333,20.9167,71.33,5,34,19.17,scattered clouds
762,Newport,GB,51.5877,-2.9984,53.53,77,100,8.77,overcast clouds
763,Mogadishu,SO,2.0371,45.3438,79.45,77,73,16.22,broken clouds
764,Burns Lake,CA,54.2331,-125.7533,31.68,88,80,1.25,broken clouds
765,Forbesganj,IN,26.3,87.25,84.51,45,5,15.61,clear sky
766,Iskateley,RU,67.6803,53.1512,7.32,97,100,6.06,overcast clouds
767,Agua Dulce,MX,18.1333,-94.1333,72.39,89,0,7.07,clear sky
768,Bull Savanna,JM,17.8868,-77.5902,71.8,64,48,7.96,scattered clouds
769,Am Timan,TD,11.0297,20.2827,74.89,13,16,6.96,few clouds
770,Pacatuba,BR,-3.9842,-38.6203,76.46,97,87,1.57,overcast clouds
771,Kadayanallur,IN,9.0833,77.35,82.85,70,10,2.37,clear sky
772,Nahariyya,IL,33.0059,35.0941,60.19,46,71,9.55,broken clouds
773,Manta,EC,-0.95,-80.7333,76.1,91,99,6.8,overcast clouds
774,Coos Bay,US,43.3665,-124.2179,54.0,98,100,17.27,mist
775,Mandan,US,46.8267,-100.8896,42.78,41,100,17.27,overcast clouds
776,Poronaysk,RU,49.2167,143.1167,34.95,96,67,7.18,broken clouds
777,Kota Belud,MY,6.351,116.4305,80.15,80,98,1.39,overcast clouds
778,Arima,TT,10.6333,-61.2833,76.75,89,41,1.99,scattered clouds
779,Gao,ML,16.6362,1.637,75.92,6,1,10.89,clear sky
780,Tura,IN,25.5198,90.2201,81.97,48,72,3.6,broken clouds
781,Mirabad,AF,30.4362,61.8383,66.04,13,0,21.43,clear sky
782,Lockhart,US,28.6194,-81.4426,70.14,69,0,3.0,clear sky
783,Lagunas,PE,-5.2269,-75.6753,72.57,96,100,1.81,overcast clouds
784,Kankan,GN,10.3854,-9.3057,85.98,37,100,2.89,overcast clouds
785,Cradock,ZA,-32.1642,25.6192,68.13,45,2,7.05,clear sky
786,Bara,NG,10.3744,10.7288,70.2,11,21,7.52,few clouds
787,Kayerkan,RU,69.3497,87.7602,12.52,78,100,10.13,overcast clouds
788,Mareeba,AU,-17.0,145.4333,92.66,45,100,4.25,overcast clouds
789,Orihuela,ES,38.0848,-0.944,55.9,87,100,1.99,overcast clouds
790,Murgab,TM,37.4966,61.9714,47.19,48,72,17.11,broken clouds
791,Cortes,ES,41.9395,-1.4396,51.85,55,99,5.08,light rain
792,Hualmay,PE,-11.0964,-77.6139,70.57,84,100,8.9,overcast clouds
793,Barahona,DO,18.2085,-71.1008,77.25,77,99,4.92,overcast clouds
794,Narsaq,GL,60.9167,-46.05,41.22,75,9,5.64,clear sky
795,Wagar,SD,16.1525,36.2032,72.07,71,1,8.34,clear sky
796,Coihaique,CL,-45.5752,-72.0662,39.15,87,75,5.75,light rain
797,Krusevac,RS,43.58,21.3339,48.56,73,100,3.74,overcast clouds
798,Algarrobo,CO,10.1869,-74.5753,79.52,78,96,3.83,overcast clouds
799,Horta,PT,38.5333,-28.6333,59.34,87,99,6.13,overcast clouds
800,Pozo Colorado,PY,-23.4923,-58.7972,76.3,65,0,5.84,clear sky
801,Ozd,HU,48.2167,20.3,46.65,76,6,2.89,clear sky
802,Visby,SE,57.6409,18.296,35.82,75,71,8.05,broken clouds
803,Terrasini,IT,38.146,13.0844,56.21,85,40,9.22,scattered clouds
804,Dukat,RU,62.55,155.55,7.25,87,100,10.45,overcast clouds
805,George,ZA,-33.963,22.4617,65.77,76,100,3.53,overcast clouds
806,Pakxan,LA,18.3778,103.6601,73.87,75,100,3.6,overcast clouds
807,Saint-Joseph,RE,-21.3667,55.6167,75.58,77,16,4.05,few clouds
808,Jumla,NP,29.2747,82.1838,63.88,28,0,3.11,clear sky
809,Dongsheng,CN,39.8161,109.9776,47.5,36,100,13.94,overcast clouds
810,Viedma,AR,-40.8135,-62.9967,68.13,22,3,14.07,clear sky
811,Karratha,AU,-20.7377,116.8463,88.02,53,37,3.78,scattered clouds
812,Hanover,DE,52.3705,9.7332,44.2,90,100,4.61,overcast clouds
813,Harbin,CN,45.75,126.65,42.1,66,100,15.68,overcast clouds
814,Pimentel,PE,-6.8367,-79.9342,70.43,83,91,12.17,overcast clouds
815,Darnah,LY,32.767,22.6367,60.13,40,0,23.98,clear sky
816,Isla Mujeres,MX,21.2311,-86.731,77.16,59,0,16.69,clear sky
817,Bayji,IQ,34.9311,43.487,51.31,53,0,7.4,clear sky
818,Elizabeth City,US,36.2946,-76.2511,39.22,52,0,14.97,clear sky
819,Moron,AR,-34.6534,-58.6198,72.79,76,22,5.97,few clouds
820,Jiayuguan,CN,39.8167,98.3,44.62,32,91,5.95,overcast clouds
821,Linhares,BR,-19.3911,-40.0722,72.21,97,32,2.01,scattered clouds
822,Tim,RU,51.6222,37.1244,38.34,85,25,17.56,scattered clouds
823,Vondrozo,MG,-22.8167,47.2833,63.37,98,67,2.57,broken clouds
824,Ascension,US,30.2169,-90.9001,70.2,82,0,3.44,clear sky
825,Imeni Poliny Osipenko,RU,52.4201,136.4853,30.99,95,100,11.45,overcast clouds
826,Hondo,JP,32.45,130.2,58.75,67,100,4.41,light rain
827,Camana,PE,-16.6228,-72.7111,70.32,82,82,6.71,broken clouds
828,Rio Gallegos,AR,-51.6226,-69.2181,39.25,81,0,18.41,clear sky
829,Cravo Norte,CO,6.3017,-70.2041,79.27,76,100,7.29,overcast clouds
830,Bridlington,GB,54.0831,-0.1919,45.14,97,100,5.99,overcast clouds
831,Skibbereen,IE,51.55,-9.2667,45.25,81,6,4.61,clear sky
832,Porto De Moz,BR,-1.7483,-52.2383,72.55,99,100,2.48,light rain
833,Tambacounda,SN,13.7539,-13.7586,85.78,25,65,12.01,broken clouds
834,Hervey Bay,AU,-25.2986,152.8535,85.01,57,46,10.0,scattered clouds
835,Buraydah,SA,26.326,43.975,54.12,30,60,9.15,broken clouds
836,Beidao,CN,34.5686,105.8933,54.36,66,100,4.38,light rain
837,Boca Do Acre,BR,-8.7522,-67.3978,72.9,98,100,0.83,overcast clouds
838,Nhulunbuy,AU,-12.2333,136.7667,90.21,62,75,8.05,broken clouds
839,San Ramon,US,37.7799,-121.978,55.62,83,75,8.05,light rain
840,Atikokan,CA,48.7555,-91.6216,19.42,89,100,4.27,overcast clouds
841,Tynda,RU,55.1667,124.7167,23.59,67,100,14.7,overcast clouds
842,Yulara,AU,-25.2406,130.9889,91.24,10,75,11.5,broken clouds
843,Jacareacanga,BR,-6.2222,-57.7528,73.44,99,95,2.04,very heavy rain
844,Meteti,PA,8.4983,-77.9786,76.32,94,100,4.56,overcast clouds
845,Senanga,ZM,-16.1167,23.2667,64.38,96,42,5.01,moderate rain
846,Zurrieq,MT,35.8311,14.4742,56.97,94,75,5.75,broken clouds
847,Ocampo,MX,21.65,-101.5,62.62,22,3,7.27,clear sky
848,Flinders,AU,-34.5833,150.8552,69.19,94,100,5.01,light rain
849,Skjervoy,NO,70.0311,20.9714,26.6,61,100,25.9,light snow
850,Codrington,AU,-38.2667,141.9667,64.02,59,69,10.31,broken clouds
851,Washougal,US,45.5826,-122.3534,57.65,75,100,10.36,overcast clouds
852,Nanchang,CN,28.6833,115.8833,64.29,65,99,4.45,overcast clouds
853,Northam,GB,51.0333,-4.2167,50.61,84,100,9.64,overcast clouds
854,Mayumba,GA,-3.432,10.6554,74.05,91,100,2.17,light rain
855,Gobabis,NA,-22.45,18.9667,68.49,52,24,16.06,few clouds
856,Bougouni,ML,11.417,-7.479,83.82,33,7,4.05,clear sky
857,Lake Charles,US,30.2131,-93.2044,69.78,93,0,10.36,clear sky
858,Tadine,NC,-21.55,167.8833,81.28,76,99,12.17,overcast clouds
859,Weyburn,CA,49.6668,-103.8511,36.81,70,100,11.27,overcast clouds
860,Half Moon Bay,US,37.4636,-122.4286,56.1,84,100,14.97,overcast clouds
861,Belaya Gora,RU,68.5333,146.4167,9.93,78,16,3.02,few clouds
862,Derzhavinsk,KZ,51.1,66.3167,32.41,100,100,11.07,snow
863,Muhos,FI,64.808,25.9931,6.58,99,65,4.79,broken clouds
864,Khobi,GE,42.3156,41.8987,32.97,62,0,11.54,clear sky
865,Bintulu,MY,3.1667,113.0333,85.12,65,95,1.36,overcast clouds
866,Buta,CD,2.7858,24.73,73.38,80,100,3.33,overcast clouds
867,Nurota,UZ,40.5614,65.6886,38.82,72,95,14.25,overcast clouds
868,Klyuchi,RU,52.2667,79.1667,31.64,91,94,9.37,overcast clouds
869,Umuahia,NG,5.5263,7.4896,77.97,85,42,4.25,scattered clouds
870,Ranau,MY,5.9538,116.6641,82.56,66,95,0.87,overcast clouds
871,Sorumsand,NO,59.9851,11.2398,30.04,63,80,1.77,broken clouds
872,Zacualpan,MX,21.25,-105.1667,71.26,59,5,1.66,clear sky
873,Kiunga,PG,-6.1219,141.2906,80.28,75,96,3.76,overcast clouds
874,Dumraon,IN,25.55,84.15,87.17,15,5,5.37,clear sky
875,Aswan,EG,24.0934,32.907,63.57,17,0,10.69,clear sky
876,Esna,EG,25.2934,32.554,63.99,15,0,9.04,clear sky
877,Porto Belo,BR,-27.1578,-48.5531,72.16,72,88,5.35,overcast clouds
878,Kungurtug,RU,50.5994,97.5228,22.89,84,99,1.57,overcast clouds
879,Conde,BR,-7.2597,-34.9075,76.46,100,20,3.44,few clouds
880,Suba,PH,10.8438,121.0102,83.26,73,95,13.58,overcast clouds
881,Akdepe,TM,42.0551,59.3788,32.63,45,0,19.3,clear sky
882,Anadyr,RU,64.75,177.4833,0.1,85,0,4.47,clear sky
883,Grahamstown,ZA,-33.3042,26.5328,73.17,37,11,8.66,few clouds
884,Maldonado,UY,-34.6667,-54.9167,63.79,79,70,8.14,broken clouds
885,Zyryanka,RU,65.75,150.85,10.4,80,45,6.89,scattered clouds
886,Barra Patuca,HN,15.8,-84.2833,77.77,79,23,12.28,few clouds
887,Wanaka,NZ,-44.7,169.15,73.11,42,93,1.99,overcast clouds
888,Freeport,US,40.6576,-73.5832,26.02,44,20,23.02,few clouds
889,Denpasar,ID,-8.65,115.2167,80.26,94,75,4.61,light rain
890,Naifaru,MV,5.4444,73.3657,82.42,69,1,2.77,clear sky
891,Utete,TZ,-7.986,38.758,72.99,95,100,1.83,overcast clouds
892,Hami,CN,42.8,93.45,50.22,25,3,2.64,clear sky
893,Cremona,IT,45.2333,9.9333,48.81,72,97,5.14,overcast clouds
894,Kifri,IQ,34.6959,44.9661,50.56,47,0,8.84,clear sky
895,Chambar,PK,25.2931,68.812,82.8,44,0,14.76,clear sky
896,Cadereyta,MX,25.5833,-99.9833,83.17,54,30,9.19,scattered clouds
897,Shubarshi,KZ,48.5872,57.1869,19.81,90,97,15.39,overcast clouds
898,Myanaung,MM,18.2833,95.3167,89.85,46,18,1.32,few clouds
899,Kristiansund,NO,63.1115,7.732,32.05,93,75,5.75,broken clouds
900,Mingshui,CN,36.7167,117.5,61.56,50,47,19.3,scattered clouds
901,Zalantun,CN,48.0,122.7167,34.83,23,32,22.19,scattered clouds
902,Hue,VN,16.4667,107.6,71.71,94,75,5.75,mist
903,Xiaoweizhai,CN,26.1903,107.5125,57.69,86,100,5.88,overcast clouds
904,Zaoyang,CN,32.1272,112.7542,65.21,63,53,15.97,broken clouds
905,Cabedelo,BR,-6.9811,-34.8339,77.67,79,100,9.84,overcast clouds
906,Gusinoye Ozero,RU,51.1144,106.2614,23.04,65,100,2.71,overcast clouds
907,Rovaniemi,FI,66.5,25.7167,13.41,79,0,12.66,clear sky
908,Turrialba,CR,9.9047,-83.6835,72.84,98,100,1.41,overcast clouds
909,Ruteng,ID,-8.6136,120.4721,74.46,67,92,1.07,overcast clouds
910,Lima,PE,-12.0432,-77.0282,74.89,67,0,11.5,clear sky
911,Barsovo,RU,61.1667,73.1667,26.73,93,100,13.62,overcast clouds
912,Chahal,GT,15.75,-89.5667,68.5,99,24,2.64,few clouds
913,Ouesso,CG,1.6136,16.0517,72.91,85,94,2.13,overcast clouds
914,Slonim,BY,53.0867,25.3219,39.2,84,14,9.33,few clouds
915,Chambas,CU,22.1928,-78.9136,68.22,65,0,6.06,clear sky
916,San Policarpo,PH,12.1791,125.5072,83.08,77,10,12.37,clear sky
917,Saint-Leu,RE,-21.15,55.2833,76.32,74,17,3.69,few clouds
918,Elliot Lake,CA,46.3834,-82.6331,12.36,85,79,7.61,broken clouds
919,Coruripe,BR,-10.1256,-36.1756,77.65,80,58,6.55,broken clouds
920,Merrill,US,45.1805,-89.6835,28.17,61,0,0.0,clear sky
921,Sibolga,ID,1.7427,98.7792,85.03,55,2,2.89,clear sky
922,Batavia,US,41.85,-88.3126,29.26,58,0,10.36,clear sky
923,Mandera,KE,3.9366,41.867,78.98,65,35,9.82,scattered clouds
924,Santiago De Chuco,PE,-8.15,-78.1833,50.83,89,84,4.03,broken clouds
925,Kiruna,SE,67.8557,20.2251,16.72,67,20,11.5,few clouds
926,Lanzhou,CN,36.0564,103.7922,49.84,36,91,12.48,overcast clouds
927,Astaneh-Ye Ashrafiyeh,IR,37.2596,49.9444,48.13,86,100,5.12,overcast clouds
928,Nizhniy Odes,RU,63.6445,54.856,5.85,98,96,3.69,overcast clouds
929,Kondinskoye,RU,59.6481,67.41,31.82,83,100,16.17,overcast clouds
930,Binzhou,CN,37.3667,118.0167,64.42,43,73,16.69,broken clouds
931,Beaverlodge,CA,55.2166,-119.4361,31.89,84,87,0.6,overcast clouds
932,Ust-Kuyga,RU,70.0167,135.6,7.18,87,96,3.71,overcast clouds
933,De-Kastri,RU,51.4667,140.7833,36.48,73,100,8.41,overcast clouds
